carrier_name,dep_hour,completed_flights,delayed_flights
Alaska Airlines,0,231,39
Alaska Airlines,1,439,105
Alaska Airlines,2,203,47
Alaska Airlines,3,17,5
Alaska Airlines,5,724,67
Alaska Airlines,6,3444,339
Alaska Airlines,7,8070,1271
Alaska Airlines,8,4827,859
Alaska Airlines,9,4239,890
Alaska Airlines,10,4582,922
Alaska Airlines,11,4365,881
Alaska Airlines,12,2354,558
Alaska Airlines,13,3859,821
Alaska Airlines,14,4084,875
Alaska Airlines,15,3283,795
Alaska Airlines,16,3470,848
Alaska Airlines,17,5386,1304
Alaska Airlines,18,4658,1236
Alaska Airlines,19,4412,1378
Alaska Airlines,20,2278,610
Alaska Airlines,21,2045,589
Alaska Airlines,22,1493,377
Alaska Airlines,23,1433,294
Allegiant Air,6,1884,155
Allegiant Air,7,2517,266
Allegiant Air,8,2631,373
Allegiant Air,9,2384,386
Allegiant Air,10,2602,455
Allegiant Air,11,2914,562
Allegiant Air,12,2793,553
Allegiant Air,13,2252,468
Allegiant Air,14,2241,477
Allegiant Air,15,3283,712
Allegiant Air,16,2329,506
Allegiant Air,17,1849,439
Allegiant Air,18,2297,646
Allegiant Air,19,2003,478
Allegiant Air,20,1226,285
Allegiant Air,21,1183,309
Allegiant Air,22,568,121
Allegiant Air,23,26,8
American Airlines,0,694,127
American Airlines,1,133,19
American Airlines,5,12641,1524
American Airlines,6,22923,3296
American Airlines,7,22654,3645
American Airlines,8,21878,3931
American Airlines,9,16006,2838
American Airlines,10,18411,3794
American Airlines,11,18072,4049
American Airlines,12,17015,4276
American Airlines,13,18197,4837
American Airlines,14,16814,4721
American Airlines,15,16366,4969
American Airlines,16,17627,5681
American Airlines,17,16611,5505
American Airlines,18,20479,6966
American Airlines,19,16671,5945
American Airlines,20,14712,5077
American Airlines,21,9838,3062
American Airlines,22,11009,2842
American Airlines,23,3102,510
Delta Air Lines,0,773,75
Delta Air Lines,1,255,57
Delta Air Lines,3,6,1
Delta Air Lines,4,1,0
Delta Air Lines,5,8263,697
Delta Air Lines,6,24434,2190
Delta Air Lines,7,24159,2676
Delta Air Lines,8,20517,2639
Delta Air Lines,9,14528,1994
Delta Air Lines,10,18089,2514
Delta Air Lines,11,21588,3322
Delta Air Lines,12,18758,2951
Delta Air Lines,13,17413,2936
Delta Air Lines,14,13693,2356
Delta Air Lines,15,22952,4348
Delta Air Lines,16,14338,2685
Delta Air Lines,17,18734,3496
Delta Air Lines,18,18278,3564
Delta Air Lines,19,15471,3250
Delta Air Lines,20,9975,1975
Delta Air Lines,21,13400,2346
Delta Air Lines,22,10390,1726
Delta Air Lines,23,3723,558
Endeavor Air,5,1319,138
Endeavor Air,6,5147,518
Endeavor Air,7,3374,353
Endeavor Air,8,3702,427
Endeavor Air,9,3699,409
Endeavor Air,10,4583,653
Endeavor Air,11,4384,618
Endeavor Air,12,5051,704
Endeavor Air,13,4119,624
Endeavor Air,14,4271,608
Endeavor Air,15,4111,661
Endeavor Air,16,4566,807
Endeavor Air,17,4645,895
Endeavor Air,18,3668,660
Endeavor Air,19,3267,634
Endeavor Air,20,1470,262
Endeavor Air,21,3301,453
Endeavor Air,22,681,104
Endeavor Air,23,59,6
Envoy Air,5,3779,451
Envoy Air,6,5237,768
Envoy Air,7,4415,787
Envoy Air,8,6762,1016
Envoy Air,9,2275,368
Envoy Air,10,7899,1253
Envoy Air,11,3084,500
Envoy Air,12,6970,1208
Envoy Air,13,4377,850
Envoy Air,14,6039,1206
Envoy Air,15,3900,870
Envoy Air,16,5988,1476
Envoy Air,17,4329,1062
Envoy Air,18,6879,1824
Envoy Air,19,3658,892
Envoy Air,20,4702,1205
Envoy Air,21,2303,464
Envoy Air,22,2327,488
Frontier Airlines,0,932,323
Frontier Airlines,2,88,21
Frontier Airlines,3,180,41
Frontier Airlines,5,2967,441
Frontier Airlines,6,4758,729
Frontier Airlines,7,3035,543
Frontier Airlines,8,2989,592
Frontier Airlines,9,3262,716
Frontier Airlines,10,3254,835
Frontier Airlines,11,2901,761
Frontier Airlines,12,3355,864
Frontier Airlines,13,3374,1012
Frontier Airlines,14,3298,947
Frontier Airlines,15,3372,1067
Frontier Airlines,16,3821,1298
Frontier Airlines,17,3437,1135
Frontier Airlines,18,3591,1205
Frontier Airlines,19,3072,1107
Frontier Airlines,20,2977,987
Frontier Airlines,21,3214,1013
Frontier Airlines,22,2774,947
Frontier Airlines,23,1117,352
Hawaiian Airlines,1,120,43
Hawaiian Airlines,5,257,12
Hawaiian Airlines,6,1078,62
Hawaiian Airlines,7,2303,380
Hawaiian Airlines,8,2011,283
Hawaiian Airlines,9,2134,284
Hawaiian Airlines,10,1944,276
Hawaiian Airlines,11,1709,195
Hawaiian Airlines,12,1767,305
Hawaiian Airlines,13,2003,472
Hawaiian Airlines,14,1993,521
Hawaiian Airlines,15,1802,416
Hawaiian Airlines,16,1638,415
Hawaiian Airlines,17,1263,308
Hawaiian Airlines,18,1025,201
Hawaiian Airlines,19,913,200
Hawaiian Airlines,20,668,128
Hawaiian Airlines,21,311,55
Hawaiian Airlines,22,119,18
Hawaiian Airlines,23,108,17
JetBlue Airways,0,54,21
JetBlue Airways,1,132,39
JetBlue Airways,2,166,40
JetBlue Airways,3,197,33
JetBlue Airways,4,163,42
JetBlue Airways,5,1242,169
JetBlue Airways,6,6930,912
JetBlue Airways,7,4859,757
JetBlue Airways,8,4352,823
JetBlue Airways,9,4370,909
JetBlue Airways,10,4873,1153
JetBlue Airways,11,4513,1121
JetBlue Airways,12,3971,1104
JetBlue Airways,13,4268,1237
JetBlue Airways,14,4342,1310
JetBlue Airways,15,4368,1335
JetBlue Airways,16,3946,1267
JetBlue Airways,17,4963,1718
JetBlue Airways,18,3943,1335
JetBlue Airways,19,4849,1655
JetBlue Airways,20,5992,1945
JetBlue Airways,21,3355,1183
JetBlue Airways,22,1408,430
JetBlue Airways,23,1791,512
PSA Airlines,5,3018,338
PSA Airlines,6,3671,556
PSA Airlines,7,4071,613
PSA Airlines,8,3086,435
PSA Airlines,9,3990,616
PSA Airlines,10,3991,634
PSA Airlines,11,5638,876
PSA Airlines,12,3829,732
PSA Airlines,13,4200,709
PSA Airlines,14,4228,770
PSA Airlines,15,3606,698
PSA Airlines,16,4162,939
PSA Airlines,17,4081,1047
PSA Airlines,18,4519,1228
PSA Airlines,19,3052,798
PSA Airlines,20,4160,1139
PSA Airlines,21,931,212
PSA Airlines,22,2615,574
Republic Airways,5,1538,102
Republic Airways,6,7085,767
Republic Airways,7,5039,534
Republic Airways,8,6479,605
Republic Airways,9,5038,408
Republic Airways,10,5970,509
Republic Airways,11,6384,643
Republic Airways,12,6363,649
Republic Airways,13,5376,639
Republic Airways,14,6139,715
Republic Airways,15,6212,667
Republic Airways,16,4305,573
Republic Airways,17,7996,1203
Republic Airways,18,5235,682
Republic Airways,19,4772,713
Republic Airways,20,3186,492
Republic Airways,21,2321,264
Republic Airways,22,1470,184
Republic Airways,23,16,2
SkyWest Airlines,5,5474,707
SkyWest Airlines,6,13654,1523
SkyWest Airlines,7,13246,1989
SkyWest Airlines,8,13670,2322
SkyWest Airlines,9,13494,2540
SkyWest Airlines,10,15993,3040
SkyWest Airlines,11,13820,2565
SkyWest Airlines,12,14712,2768
SkyWest Airlines,13,15563,2990
SkyWest Airlines,14,12700,2557
SkyWest Airlines,15,14017,2738
SkyWest Airlines,16,14213,2870
SkyWest Airlines,17,15879,3274
SkyWest Airlines,18,13960,3011
SkyWest Airlines,19,11974,2615
SkyWest Airlines,20,7470,1384
SkyWest Airlines,21,8401,1265
SkyWest Airlines,22,2347,403
SkyWest Airlines,23,382,55
Southwest Airlines,5,12661,672
Southwest Airlines,6,37108,2339
Southwest Airlines,7,28938,2526
Southwest Airlines,8,30856,3275
Southwest Airlines,9,26351,3665
Southwest Airlines,10,29889,4629
Southwest Airlines,11,26486,4691
Southwest Airlines,12,28067,5471
Southwest Airlines,13,29024,6419
Southwest Airlines,14,27759,6962
Southwest Airlines,15,27954,7657
Southwest Airlines,16,27813,7838
Southwest Airlines,17,28025,8251
Southwest Airlines,18,28779,8718
Southwest Airlines,19,28142,8497
Southwest Airlines,20,23054,7074
Southwest Airlines,21,14318,4604
Southwest Airlines,22,4795,1875
Southwest Airlines,23,5,1
Spirit Airlines,0,293,46
Spirit Airlines,1,239,51
Spirit Airlines,2,96,25
Spirit Airlines,3,51,16
Spirit Airlines,4,86,15
Spirit Airlines,5,4565,447
Spirit Airlines,6,6117,732
Spirit Airlines,7,4708,709
Spirit Airlines,8,4082,666
Spirit Airlines,9,5157,900
Spirit Airlines,10,3828,805
Spirit Airlines,11,4228,959
Spirit Airlines,12,4228,962
Spirit Airlines,13,3813,871
Spirit Airlines,14,4402,1182
Spirit Airlines,15,4476,1258
Spirit Airlines,16,4601,1475
Spirit Airlines,17,4639,1382
Spirit Airlines,18,5098,1660
Spirit Airlines,19,4577,1525
Spirit Airlines,20,4843,1425
Spirit Airlines,21,4793,1404
Spirit Airlines,22,3274,903
Spirit Airlines,23,1834,466
United Airlines,0,539,59
United Airlines,1,172,31
United Airlines,2,69,11
United Airlines,5,3381,241
United Airlines,6,14666,1331
United Airlines,7,20067,2419
United Airlines,8,19540,2764
United Airlines,9,15805,2787
United Airlines,10,13486,2354
United Airlines,11,14036,2566
United Airlines,12,13717,2464
United Airlines,13,15351,3133
United Airlines,14,13411,2837
United Airlines,15,9122,1969
United Airlines,16,16017,3728
United Airlines,17,16373,3887
United Airlines,18,14531,3826
United Airlines,19,13920,3590
United Airlines,20,9507,2337
United Airlines,21,4777,937
United Airlines,22,3459,604
United Airlines,23,3438,544
