dep_hour,scheduled_flights,cancelled_flights,diverted_flights,completed_flights,delayed_flights,on_time_pct,delay_rate_pct,cancellation_rate_pct,avg_arr_delay_minutes
0,3563,41,6,3516,690,80.4,19.6,1.15,6.32
1,1527,35,2,1490,345,76.9,23.2,2.29,11.66
2,639,16,1,622,144,76.9,23.2,2.5,6.02
3,458,7,0,451,96,78.7,21.3,1.53,3.9
4,257,7,0,250,57,77.2,22.8,2.72,17.03
5,62835,883,123,61829,6006,90.3,9.7,1.41,-1.88
6,160642,2196,310,158136,16217,89.7,10.3,1.37,-2.45
7,154043,2228,360,151455,19468,87.2,12.9,1.45,-0.6
8,149784,1932,470,147382,21010,85.7,14.3,1.29,0.01
9,124705,1620,353,122732,19710,83.9,16.1,1.3,1.63
10,141637,1913,330,139394,23826,82.9,17.1,1.35,2.66
11,136098,1687,289,134122,24309,81.9,18.1,1.24,3.74
12,135106,1812,344,132950,25569,80.8,19.2,1.34,5.15
13,135410,1898,323,133189,28018,79.0,21.0,1.4,7.16
14,127597,1886,297,125414,28044,77.6,22.4,1.48,8.23
15,130839,1737,278,128824,30160,76.6,23.4,1.33,9.05
16,131261,2150,277,128834,32406,74.9,25.2,1.64,10.54
17,140660,2165,285,138210,34906,74.7,25.3,1.54,10.62
18,139550,2383,227,136940,36762,73.2,26.9,1.71,11.86
19,123065,2088,224,120753,33277,72.4,27.6,1.7,12.18
20,98139,1752,167,96220,26325,72.6,27.4,1.79,11.56
21,75781,1136,154,74491,18160,75.6,24.4,1.5,9.94
22,49537,720,88,48729,11596,76.2,23.8,1.45,9.15
23,17311,254,23,17034,3325,80.5,19.5,1.47,3.55
