flight_month,month_name,day_of_week,day_name,scheduled_flights,cancelled_flights,diverted_flights,completed_flights,delayed_flights,on_time_pct,delay_rate_pct,cancellation_rate_pct,avg_arr_delay_minutes
1,Jan,1,Mon,91299,4561,302,86436,21578,75.0,25.0,5.0,13.37
1,Jan,2,Tue,85106,3993,369,80744,22875,71.7,28.3,4.69,16.26
1,Jan,3,Wed,85719,2209,171,83339,15946,80.9,19.1,2.58,4.42
1,Jan,4,Thu,73913,1857,177,71879,13563,81.1,18.9,2.51,3.71
1,Jan,5,Fri,74105,3323,174,70608,19039,73.0,27.0,4.48,13.43
1,Jan,6,Sat,63514,1985,160,61369,15287,75.1,24.9,3.13,10.01
1,Jan,7,Sun,73615,2461,159,70995,18122,74.5,25.5,3.34,10.9
2,Feb,1,Mon,74763,344,107,74312,13101,82.4,17.6,0.46,1.85
2,Feb,2,Tue,67754,1164,238,66352,9296,86.0,14.0,1.72,-1.22
2,Feb,3,Wed,69201,107,59,69035,8897,87.1,12.9,0.15,-2.86
2,Feb,4,Thu,94211,352,103,93756,13868,85.2,14.8,0.37,-0.43
2,Feb,5,Fri,75377,198,108,75071,11375,84.9,15.2,0.26,-0.12
2,Feb,6,Sat,63965,316,127,63522,11825,81.4,18.6,0.49,2.95
2,Feb,7,Sun,73950,521,208,73221,13674,81.3,18.7,0.7,4.21
3,Mar,1,Mon,79260,218,107,78935,15012,81.0,19.0,0.28,3.84
3,Mar,2,Tue,73349,95,77,73177,9332,87.3,12.8,0.13,-2.16
3,Mar,3,Wed,74496,273,109,74114,12214,83.5,16.5,0.37,2.45
3,Mar,4,Thu,80196,1555,259,78382,18107,76.9,23.1,1.94,8.84
3,Mar,5,Fri,99425,620,172,98633,23020,76.7,23.3,0.62,8.46
3,Mar,6,Sat,87018,1433,329,85256,20869,75.5,24.5,1.65,12.04
3,Mar,7,Sun,98023,926,181,96916,23478,75.8,24.2,0.94,9.57
4,Apr,1,Mon,101307,258,259,100790,16624,83.5,16.5,0.25,2.44
4,Apr,2,Tue,93256,319,132,92805,14077,84.8,15.2,0.34,0.64
4,Apr,3,Wed,75852,1173,201,74478,14844,80.1,19.9,1.55,8.35
4,Apr,4,Thu,81112,798,105,80209,19119,76.2,23.8,0.98,10.51
4,Apr,5,Fri,81288,361,210,80717,17592,78.2,21.8,0.44,8.1
4,Apr,6,Sat,69560,798,220,68542,12594,81.6,18.4,1.15,4.63
4,Apr,7,Sun,79810,328,108,79374,15098,81.0,19.0,0.41,4.42
