flight_date,scheduled_flights,cancelled_flights,diverted_flights,completed_flights,delayed_flights,on_time_pct,delay_rate_pct,cancellation_rate_pct,avg_arr_delay_minutes
2024-01-01,17265,18,6,17241,1954,88.7,11.3,0.1,-4.05
2024-01-02,18977,25,30,18922,3494,81.5,18.5,0.13,1.37
2024-01-03,18520,19,17,18484,3336,82.0,18.1,0.1,2.33
2024-01-04,18066,65,25,17976,2120,88.2,11.8,0.36,-3.06
2024-01-05,18109,17,15,18077,2478,86.3,13.7,0.09,-2.2
2024-01-06,16950,386,44,16520,4987,69.8,30.2,2.28,13.7
2024-01-07,18812,620,47,18145,5213,71.3,28.7,3.3,13.21
2024-01-08,18472,656,134,17682,5228,70.4,29.6,3.55,18.41
2024-01-09,16775,1269,243,15263,6895,54.8,45.2,7.56,40.87
2024-01-10,16795,557,22,16216,3330,79.5,20.5,3.32,5.88
2024-01-11,18500,455,43,18002,3783,79.0,21.0,2.46,4.28
2024-01-12,18590,1936,84,16570,6513,60.7,39.3,10.41,27.27
2024-01-13,15483,1013,43,14427,5212,63.9,36.1,6.54,23.07
2024-01-14,17583,1409,45,16129,6249,61.3,38.7,8.01,27.39
2024-01-15,18620,2962,95,15563,7748,50.2,49.8,15.91,50.48
2024-01-16,16530,2111,35,14384,7405,48.5,51.5,12.77,47.79
2024-01-17,16877,964,50,15863,4274,73.1,26.9,5.71,15.07
2024-01-18,18663,600,18,18045,3576,80.2,19.8,3.21,5.45
2024-01-19,18698,973,42,17683,6592,62.7,37.3,5.2,26.13
2024-01-20,15535,304,23,15208,2961,80.5,19.5,1.96,4.81
2024-01-21,18573,309,32,18232,3485,80.9,19.1,1.66,3.76
2024-01-22,18559,808,45,17706,4429,75.0,25.0,4.35,10.31
2024-01-23,16472,530,47,15895,3355,78.9,21.1,3.22,5.23
2024-01-24,16837,604,70,16163,3508,78.3,21.7,3.59,7.36
2024-01-25,18684,737,91,17856,4084,77.1,22.9,3.94,8.18
2024-01-26,18708,397,33,18278,3456,81.1,18.9,2.12,4.05
2024-01-27,15546,282,50,15214,2127,86.0,14.0,1.81,-1.18
2024-01-28,18647,123,35,18489,3175,82.8,17.2,0.66,1.27
2024-01-29,18383,117,22,18244,2219,87.8,12.2,0.64,-3.76
2024-01-30,16352,58,14,16280,1726,89.4,10.6,0.35,-6.6
2024-01-31,16690,65,12,16613,1498,91.0,9.0,0.39,-7.73
2024-02-01,18455,198,25,18232,2703,85.2,14.8,1.07,-1.11
2024-02-02,18467,68,37,18362,2645,85.6,14.4,0.37,-3.32
2024-02-03,15501,206,64,15231,2520,83.5,16.6,1.33,2.38
2024-02-04,18400,446,117,17837,5013,71.9,28.1,2.42,14.98
2024-02-05,18342,121,35,18186,3365,81.5,18.5,0.66,3.09
2024-02-06,16321,20,25,16276,1708,89.5,10.5,0.12,-5.69
2024-02-07,16698,27,14,16657,1581,90.5,9.5,0.16,-6.5
2024-02-08,18516,33,23,18460,2591,86.0,14.0,0.18,-2.12
2024-02-09,18572,18,10,18544,2309,87.6,12.5,0.1,-2.94
2024-02-10,15565,15,22,15528,2377,84.7,15.3,0.1,-1.35
2024-02-11,18028,14,21,17993,2646,85.3,14.7,0.08,-0.21
2024-02-12,18215,124,21,18070,3228,82.1,17.9,0.68,2.6
2024-02-13,16134,976,31,15127,1919,87.3,12.7,6.05,-2.09
2024-02-14,16762,15,13,16734,1571,90.6,9.4,0.09,-5.88
2024-02-15,19013,19,23,18971,2895,84.7,15.3,0.1,0.7
2024-02-16,19163,101,48,19014,4100,78.4,21.6,0.53,8.44
2024-02-17,16426,79,31,16316,4864,70.2,29.8,0.48,14.06
2024-02-18,18409,43,59,18307,3470,81.1,19.0,0.23,5.13
2024-02-19,19098,69,23,19006,3288,82.7,17.3,0.36,1.76
2024-02-20,17674,15,28,17631,2239,87.3,12.7,0.08,-3.91
2024-02-21,17881,21,14,17846,2096,88.3,11.7,0.12,-4.53
2024-02-22,19122,16,15,19091,2767,85.5,14.5,0.08,-1.64
2024-02-23,19175,11,13,19151,2321,87.9,12.1,0.06,-2.81
2024-02-24,16473,16,10,16447,2064,87.5,12.6,0.1,-3.48
2024-02-25,19113,18,11,19084,2545,86.7,13.3,0.09,-2.56
2024-02-26,19108,30,28,19050,3220,83.1,16.9,0.16,0.04
2024-02-27,17625,153,154,17318,3430,80.2,19.8,0.87,6.49
2024-02-28,17860,44,18,17798,3649,79.5,20.5,0.25,5.07
2024-02-29,19105,86,17,19002,2912,84.7,15.3,0.45,1.94
2024-03-01,19157,81,26,19050,3315,82.6,17.4,0.42,2.79
2024-03-02,16492,194,101,16197,3818,76.4,23.6,1.18,9.04
2024-03-03,19079,195,75,18809,5215,72.3,27.7,1.02,13.22
2024-03-04,19085,44,45,18996,2774,85.4,14.6,0.23,-0.48
2024-03-05,17603,24,25,17554,2247,87.2,12.8,0.14,-2.38
2024-03-06,17967,11,22,17934,2477,86.2,13.8,0.06,-1.28
2024-03-07,19830,374,91,19365,4309,77.8,22.3,1.89,8.57
2024-03-08,19882,136,42,19704,5056,74.3,25.7,0.68,9.53
2024-03-09,17374,754,34,16586,4997,69.9,30.1,4.34,23.31
2024-03-10,19623,283,28,19312,5663,70.7,29.3,1.44,15.77
2024-03-11,19977,55,10,19912,3795,80.9,19.1,0.28,4.84
2024-03-12,18541,25,10,18506,1829,90.1,9.9,0.13,-5.06
2024-03-13,18804,61,27,18716,2426,87.0,13.0,0.32,-2.95
2024-03-14,20107,1064,86,18957,4940,73.9,26.1,5.29,11.99
2024-03-15,20120,239,57,19824,6019,69.6,30.4,1.19,16.16
2024-03-16,17720,158,33,17529,4059,76.8,23.2,0.89,8.15
2024-03-17,19828,65,25,19738,4551,76.9,23.1,0.33,7.58
2024-03-18,20102,34,13,20055,4324,78.4,21.6,0.17,5.48
2024-03-19,18604,19,21,18564,1928,89.6,10.4,0.1,-4.75
2024-03-20,18862,22,17,18823,2495,86.7,13.3,0.12,-2.27
2024-03-21,20130,75,55,20000,3507,82.5,17.5,0.37,2.76
2024-03-22,20132,120,18,19994,5130,74.3,25.7,0.6,10.53
2024-03-23,17718,292,125,17301,5144,70.3,29.7,1.65,19.35
2024-03-24,19802,323,28,19451,4879,74.9,25.1,1.63,11.03
2024-03-25,20096,85,39,19972,4119,79.4,20.6,0.42,5.31
2024-03-26,18601,27,21,18553,3328,82.1,17.9,0.15,3.52
2024-03-27,18863,179,43,18641,4816,74.2,25.8,0.95,16.23
2024-03-28,20129,42,27,20060,5351,73.3,26.7,0.21,12.17
2024-03-29,20134,44,29,20061,3500,82.6,17.5,0.22,3.12
2024-03-30,17714,35,36,17643,2851,83.8,16.2,0.2,0.92
2024-03-31,19691,60,25,19606,3170,83.8,16.2,0.3,0.51
2024-04-01,20101,69,98,19934,4082,79.5,20.5,0.34,6.61
2024-04-02,18631,88,33,18510,3456,81.3,18.7,0.47,3.81
2024-04-03,18847,1020,98,17729,5381,69.7,30.4,5.41,26.59
2024-04-04,20291,355,21,19915,5134,74.2,25.8,1.75,13.7
2024-04-05,20364,91,46,20227,3772,81.4,18.7,0.45,4.61
2024-04-06,17949,48,30,17871,2609,85.4,14.6,0.27,-0.94
2024-04-07,19956,25,14,19917,2896,85.5,14.5,0.13,-0.78
2024-04-08,20302,76,15,20211,3173,84.3,15.7,0.37,0.48
2024-04-09,18698,131,26,18541,3559,80.8,19.2,0.7,3.68
2024-04-10,18972,103,47,18822,4149,78.0,22.0,0.54,7.99
2024-04-11,20235,362,44,19829,6291,68.3,31.7,1.79,20.84
2024-04-12,20260,90,61,20109,5325,73.5,26.5,0.44,12.47
2024-04-13,17211,11,25,17175,2732,84.1,15.9,0.06,0.55
2024-04-14,19881,32,36,19813,3307,83.3,16.7,0.16,2.38
2024-04-15,20259,40,62,20157,3315,83.6,16.5,0.2,2.21
2024-04-16,18610,29,18,18563,2851,84.6,15.4,0.16,0.98
2024-04-17,18990,33,30,18927,3220,83.0,17.0,0.17,2.77
2024-04-18,20276,37,27,20212,4272,78.9,21.1,0.18,5.91
2024-04-19,20300,35,32,20233,3406,83.2,16.8,0.17,2.51
2024-04-20,17188,689,129,16370,4376,73.3,26.7,4.01,17.82
2024-04-21,19969,155,29,19785,4198,78.8,21.2,0.78,7.68
2024-04-22,20324,24,40,20260,3012,85.1,14.9,0.12,1.77
2024-04-23,18664,34,16,18614,1958,89.5,10.5,0.18,-3.71
2024-04-24,19043,17,26,19000,2094,89.0,11.0,0.09,-2.74
2024-04-25,20310,44,13,20253,3422,83.1,16.9,0.22,1.86
2024-04-26,20364,145,71,20148,5089,74.7,25.3,0.71,12.84
2024-04-27,17212,50,36,17126,2877,83.2,16.8,0.29,1.92
2024-04-28,20004,116,29,19859,4697,76.4,23.7,0.58,8.44
2024-04-29,20321,49,44,20228,3042,85.0,15.0,0.24,1.2
2024-04-30,18653,37,39,18577,2253,87.9,12.1,0.2,-1.55
