delay_rank,route,origin_airport_code,dest_airport_code,scheduled_flights,cancelled_flights,diverted_flights,completed_flights,delayed_flights,on_time_pct,delay_rate_pct,cancellation_rate_pct,avg_arr_delay_minutes
1,PDX-SFO,PDX,SFO,989,28,3,958,488,49.1,50.9,2.83,30.45
2,SNA-SFO,SNA,SFO,1326,24,10,1292,645,50.1,49.9,1.81,30.15
3,PSP-SFO,PSP,SFO,910,17,7,886,429,51.6,48.4,1.87,30.28
4,SAN-SFO,SAN,SFO,1966,51,11,1904,911,52.2,47.9,2.59,28.08
5,PHX-SFO,PHX,SFO,1611,25,3,1583,755,52.3,47.7,1.55,27.83
6,MIA-SFO,MIA,SFO,528,16,8,504,240,52.4,47.6,3.03,30.86
7,DEN-SFO,DEN,SFO,1677,42,2,1633,737,54.9,45.1,2.5,26.38
8,LAX-SFO,LAX,SFO,3618,65,17,3536,1591,55.0,45.0,1.8,25.28
9,FLL-SFO,FLL,SFO,642,13,8,621,279,55.1,44.9,2.02,29.61
10,SJU-PHL,SJU,PHL,524,8,6,510,225,55.9,44.1,1.53,35.69
11,BUR-SFO,BUR,SFO,1017,28,10,979,431,56.0,44.0,2.75,26.48
12,LAS-SFO,LAS,SFO,1747,60,6,1681,738,56.1,43.9,3.43,25.46
13,SLC-SFO,SLC,SFO,1116,10,2,1104,477,56.8,43.2,0.9,22.65
14,DFW-SFO,DFW,SFO,1237,15,0,1222,519,57.5,42.5,1.21,22.28
15,SEA-SFO,SEA,SFO,1972,38,0,1934,818,57.7,42.3,1.93,23.45
16,SFO-LAS,SFO,LAS,1749,69,0,1680,654,61.1,38.9,3.95,26.12
17,MSP-SFO,MSP,SFO,548,4,3,541,210,61.2,38.8,0.73,12.13
18,EYW-CLT,EYW,CLT,592,14,0,578,217,62.5,37.5,2.36,27.51
19,AUS-SFO,AUS,SFO,619,39,0,580,210,63.8,36.2,6.3,22.04
20,PHL-SJU,PHL,SJU,525,6,1,518,187,63.9,36.1,1.14,18.77
